StudentID,Name
19490577,Josh Cunningham
20548285,Brayden Maynard
21479277,Brayden Moore
26575674,Nick Cunningham
26017325,Scott Elliot
28640763,Josh Cunningham
16010311,Jeremy Elliot
26354613,Scott Cunningham
22570885,Jamie Elliot
29735463,Josh Cunningham
27725013,Josh Daicos
14638050,Brayden Pendelbury
18921001,Nick Elliot
28287722,Josh Howe
13022097,Jeremy Cunningham
21423662,Darcy Smith
27429093,Brayden Daicos
29425352,Scott Cunningham
10922948,Josh Maynard
28440422,Darcy Cunningham
24284853,Darcy Maynard
20741254,Sam Elliot
19712818,Josh Smith
25047297,Nick Pendelbury
12783785,Scott Elliot
20819641,Scott Moore
11821960,Darcy Daicos
24591647,Jeremy Howe
25364090,Josh Pendelbury
14439253,Scott Daicos
10284022,Nick Moore
18438328,Brayden Moore
18153032,Jeremy Moore
28903779,Brayden Cunningham
16770919,Sam Pendelbury
28995684,Darcy Cunningham
22619898,Josh Moore
10120224,Jamie Daicos
20816263,Nick Maynard
27059879,Jamie Daicos
26098385,Jamie Howe
19876909,Josh Cunningham
12045068,Sam Moore
13980000,Brayden Elliot
10800108,Darcy Howe
22809736,Nick Smith
29317282,Jamie Cunningham
16829849,Nick Pendelbury
14143996,Darcy Moore
19161557,Darcy Smith
10268438,Scott Pendelbury
13376216,Jamie Smith
17595281,Sam Daicos
11059244,Jamie Elliot
17599127,Nick Moore
23045670,Jamie Cunningham
14335121,Scott Cunningham
13344098,Nick Howe
29980507,Darcy Smith
15384093,Sam Pendelbury
20064508,Jeremy Pendelbury
21598516,Josh Pendelbury
10258819,Jamie Howe
27295311,Scott Pendelbury
11204286,Jamie Maynard
16329009,Jeremy Moore
29751007,Darcy Pendelbury
28690939,Jeremy Elliot
28125203,Darcy Elliot
16758944,Darcy Cunningham
16585232,Sam Pendelbury
23072285,Jeremy Moore
15278080,Scott Maynard
20416212,Scott Elliot
12008131,Brayden Cunningham
24037783,Brayden Pendelbury
18451974,Jamie Smith
11923736,Jamie Cunningham
25266337,Darcy Pendelbury
19025591,Jeremy Smith
11850550,Jamie Smith
25663185,Josh Cunningham
20961170,Nick Daicos
12336002,Darcy Cunningham
26678095,Nick Elliot
17091367,Nick Maynard
25965505,Brayden Cunningham
21254536,Brayden Howe
14645176,Jeremy Maynard
25113111,Scott Howe
24147963,Nick Pendelbury
20076190,Jeremy Pendelbury
28153850,Jamie Elliot
26592820,Jamie Cunningham
17280850,Darcy Cunningham
18949090,Darcy Elliot
21408059,Jamie Maynard
20790183,Scott Pendelbury
14122293,Brayden Elliot
12689723,Scott Elliot
13044062,Brayden Smith
10728724,Brayden Moore
29886891,Jeremy Elliot
25289555,Jamie Cunningham
12963553,Nick Daicos
24601596,Josh Maynard
10668843,Jamie Pendelbury
11122370,Brayden Pendelbury
24435283,Darcy Pendelbury
13405233,Scott Elliot
22922101,Nick Smith
26152879,Jamie Elliot
27174409,Brayden Elliot
15224011,Josh Daicos
29510617,Josh Elliot
29811774,Scott Moore
25722573,Sam Moore
11065438,Jamie Pendelbury
26704076,Josh Maynard
29988419,Jeremy Maynard
24986831,Jamie Howe
27931188,Sam Smith
21484628,Jeremy Howe
22929335,Nick Cunningham
17649928,Jeremy Daicos
12338926,Jamie Cunningham
27934762,Sam Daicos
10384128,Scott Elliot
17415222,Scott Howe
22738599,Scott Smith
24637718,Josh Maynard
17091820,Scott Elliot
28665929,Jamie Daicos
25251599,Nick Smith
11966680,Brayden Smith
10293961,Scott Daicos
12440130,Darcy Cunningham
25616021,Josh Maynard
14486009,Sam Elliot
20917783,Brayden Elliot
24216590,Jamie Howe
27930539,Jamie Maynard
11705514,Jeremy Maynard
11420188,Scott Pendelbury
11842668,Sam Maynard
20746040,Josh Maynard
20356275,Nick Howe
26662662,Josh Howe
25500979,Darcy Howe
16763197,Scott Pendelbury
13220808,Brayden Maynard
19747467,Josh Howe
13098573,Scott Elliot
12000687,Darcy Smith
19110839,Brayden Daicos
11903179,Nick Daicos
10487136,Sam Maynard
16879254,Scott Howe
11814677,Scott Moore
25548881,Sam Pendelbury
28627046,Jamie Daicos
12539403,Darcy Daicos
17457613,Jamie Howe
10934795,Darcy Smith
11567905,Jamie Maynard
28311906,Jeremy Moore
22564277,Darcy Cunningham
13404254,Josh Cunningham
24422634,Scott Howe
23280108,Nick Pendelbury
29869409,Darcy Maynard
20856818,Josh Daicos
25253939,Scott Howe
27364567,Sam Maynard
15684994,Sam Howe
27158999,Darcy Howe
23054803,Scott Elliot
22557046,Sam Daicos
22164874,Scott Daicos
27191706,Nick Cunningham
19354441,Scott Smith
20192291,Josh Daicos
17899029,Nick Smith
14820920,Scott Smith
28778311,Brayden Smith
25399471,Jeremy Pendelbury
22813550,Josh Maynard
15144740,Sam Maynard
21619000,Jamie Howe
24945405,Nick Elliot
17069489,Nick Elliot
21951530,Brayden Moore
12999339,Josh Smith
22114127,Josh Moore
24817827,Scott Pendelbury
12620076,Brayden Elliot
25412938,Darcy Moore
29870015,Nick Cunningham
19451741,Scott Smith
10660169,Nick Maynard
25855287,Brayden Elliot
28173894,Brayden Daicos
10298751,Brayden Pendelbury
25095917,Brayden Maynard
27647477,Jeremy Elliot
25474289,Jamie Moore
22816764,Jeremy Smith
24239030,Jeremy Moore
19570057,Brayden Howe
19469685,Jamie Cunningham
19716745,Darcy Moore
19978670,Darcy Howe
13425151,Darcy Daicos
14406935,Nick Maynard
21173785,Josh Moore
17389211,Scott Moore
10748337,Josh Cunningham
27067542,Jeremy Pendelbury
17873995,Jeremy Moore
18894274,Scott Elliot
11671584,Scott Howe
10283342,Sam Pendelbury
24434350,Brayden Moore
12591016,Josh Daicos
13514339,Josh Daicos
29677072,Josh Moore
27618848,Brayden Maynard
22964929,Scott Cunningham
27427934,Jamie Daicos
20486055,Jamie Elliot
20482604,Josh Elliot
18894755,Brayden Cunningham
13746745,Jamie Cunningham
13382566,Darcy Pendelbury
29040813,Nick Elliot
16049747,Jeremy Howe
13246190,Scott Pendelbury
19364043,Josh Pendelbury
16754748,Darcy Smith
19527937,Jamie Elliot
16735840,Sam Daicos
15351266,Jamie Daicos
26552590,Scott Maynard
23488137,Jeremy Howe
10824684,Darcy Maynard
15649317,Sam Cunningham
13856185,Brayden Cunningham
18485946,Scott Pendelbury
27289192,Josh Elliot
28837819,Nick Howe
25627565,Scott Moore
29898046,Jeremy Howe
28346815,Sam Elliot
17396906,Scott Smith
22674578,Sam Daicos
12615098,Nick Smith
12850236,Sam Pendelbury
16013716,Nick Cunningham
25346958,Sam Elliot
25894360,Jeremy Smith
14768173,Sam Cunningham
22186224,Jeremy Pendelbury
19313074,Josh Cunningham
15644281,Brayden Elliot
16724550,Nick Moore
28478584,Sam Smith
20067770,Nick Moore
10971512,Nick Pendelbury
14511937,Nick Howe
16244311,Jeremy Daicos
19711768,Sam Pendelbury
25348716,Josh Pendelbury
17722404,Nick Maynard
26994998,Josh Daicos
23671994,Brayden Howe
22822051,Brayden Elliot
25906872,Jeremy Moore
25503524,Sam Daicos
16950690,Brayden Moore
17377464,Scott Daicos
19920781,Jamie Daicos
21901303,Scott Maynard
24356849,Darcy Elliot
13192046,Josh Pendelbury
11428730,Josh Howe
14788839,Josh Howe
24091564,Josh Daicos
26259158,Nick Pendelbury
28116541,Jeremy Pendelbury
18003996,Darcy Smith
12383958,Sam Howe
13777629,Sam Daicos
22990284,Nick Daicos
24840648,Scott Moore
22650917,Sam Maynard
16016548,Nick Elliot
14450409,Sam Pendelbury
12134350,Brayden Cunningham
17887194,Brayden Daicos
20232719,Josh Moore
23774730,Nick Moore
22131078,Scott Howe
16818393,Darcy Cunningham
15489164,Scott Moore
24827594,Brayden Moore
28913761,Brayden Elliot
18489346,Darcy Pendelbury
23371160,Brayden Moore
25689826,Scott Maynard
29547761,Brayden Elliot
10438771,Jamie Pendelbury
18319728,Nick Elliot
19231109,Sam Howe
28738621,Sam Moore
26376490,Darcy Elliot
24147493,Darcy Elliot
29416030,Nick Cunningham
26405914,Josh Daicos
26066639,Josh Daicos
11298179,Scott Daicos
24817269,Scott Daicos
23149302,Brayden Moore
16912519,Scott Cunningham
14782021,Nick Daicos
11085990,Sam Smith
21057223,Sam Elliot
29133619,Brayden Cunningham
11106394,Josh Cunningham
12255303,Sam Moore
12558305,Darcy Howe
10790365,Sam Maynard
21853399,Jamie Moore
27574970,Scott Maynard
17901385,Sam Howe
28399388,Sam Daicos
19278681,Jamie Daicos
11982476,Jamie Howe
23912795,Josh Howe
15920697,Jeremy Daicos
21178802,Jeremy Elliot
29763360,Jamie Moore
12620129,Darcy Maynard
28313759,Jamie Maynard
23524568,Jeremy Howe
25035637,Sam Cunningham
27521318,Darcy Smith
17829952,Scott Howe
12930667,Sam Maynard
12358701,Darcy Smith
24435577,Sam Cunningham
12732131,Darcy Pendelbury
10551445,Brayden Howe
13660976,Sam Elliot
18666234,Sam Howe
15584507,Nick Pendelbury
17078416,Josh Howe
12845249,Jamie Elliot
14073896,Nick Howe
21493423,Scott Moore
25192447,Nick Howe
20699954,Brayden Smith
24722107,Nick Smith
26367036,Jeremy Pendelbury
27710528,Josh Howe
21320029,Nick Howe
26272821,Scott Daicos
12210364,Scott Elliot
26262464,Darcy Pendelbury
14185811,Josh Smith
22930853,Nick Maynard
20756219,Josh Cunningham
10357930,Jamie Smith
21210374,Nick Elliot
22225880,Sam Moore
21545421,Sam Cunningham
12777182,Brayden Pendelbury
10041909,Jeremy Pendelbury
13169105,Josh Elliot
26672024,Sam Daicos
25006181,Jamie Maynard
22567733,Scott Smith
12519309,Brayden Maynard
21293160,Jeremy Pendelbury
12032823,Jamie Maynard
25984969,Jamie Howe
18613361,Jeremy Pendelbury
18593000,Josh Maynard
28635567,Scott Cunningham
22804184,Jamie Daicos
12182849,Jeremy Pendelbury
12028091,Nick Howe
25441872,Darcy Maynard
28102786,Darcy Smith
13629251,Brayden Howe
16080616,Jamie Cunningham
21186733,Nick Moore
13309915,Scott Daicos
28251694,Sam Maynard
13345225,Jeremy Daicos
24302239,Jamie Cunningham
24110998,Jamie Daicos
15573557,Scott Elliot
20435298,Jamie Maynard
21779901,Nick Maynard
15233037,Scott Smith
14072101,Brayden Cunningham
13203768,Brayden Pendelbury
15676737,Darcy Smith
16877323,Darcy Daicos
23615889,Nick Howe
25490260,Jamie Moore
16063061,Sam Cunningham
10147304,Nick Moore
19119773,Jeremy Smith
21498632,Josh Howe
22656755,Brayden Maynard
16389768,Brayden Elliot
25654053,Josh Pendelbury
25751399,Brayden Elliot
19770742,Jamie Maynard
14915896,Sam Maynard
25423022,Darcy Cunningham
11933527,Jamie Smith
29445992,Jamie Elliot
25057163,Josh Pendelbury
22770847,Sam Maynard
28187219,Darcy Pendelbury
27406114,Brayden Cunningham
16380338,Jamie Cunningham
22918828,Scott Moore
15479330,Nick Daicos
20971442,Nick Daicos
18716621,Scott Smith
29876696,Jeremy Moore
27619103,Scott Cunningham
11101953,Jamie Maynard
14845334,Darcy Maynard
12693694,Scott Cunningham
17726749,Josh Cunningham
10460685,Nick Moore
11820325,Nick Elliot
13376902,Scott Pendelbury
14291906,Darcy Cunningham
13615347,Jamie Elliot
20721215,Scott Daicos
18516964,Darcy Pendelbury
24438294,Brayden Daicos
29926313,Scott Howe
26991896,Scott Howe
21725968,Brayden Elliot
25299711,Sam Moore
19743486,Sam Maynard
24057101,Brayden Daicos
29048453,Sam Daicos
10094883,Scott Moore
20006081,Sam Pendelbury
10037586,Brayden Smith
15867777,Scott Daicos
21521622,Sam Maynard
23648887,Jeremy Daicos
21064754,Brayden Pendelbury
20026406,Scott Maynard
22677304,Jeremy Maynard
14421393,Sam Smith
22815682,Jamie Elliot
13924575,Nick Elliot
23995685,Jamie Daicos
27575604,Scott Maynard
24821056,Sam Smith
28449913,Scott Smith
23131097,Brayden Cunningham
13612049,Brayden Pendelbury
17297025,Jeremy Maynard
12750668,Josh Moore
21499767,Brayden Cunningham
18100216,Brayden Elliot
27450746,Josh Moore
10943593,Sam Pendelbury
21506705,Brayden Daicos
21760368,Nick Maynard
24037428,Darcy Pendelbury
14169726,Nick Daicos
16283067,Jamie Smith
23298996,Jamie Moore
26881022,Scott Pendelbury
14463976,Jeremy Howe
21447170,Jamie Moore
10258804,Brayden Howe
24816720,Sam Cunningham
15435697,Brayden Maynard
14382038,Jamie Maynard
29352016,Josh Smith
26225140,Scott Daicos
16883876,Nick Elliot
26167757,Jamie Pendelbury
22549422,Jeremy Pendelbury
22083819,Brayden Smith
21129339,Jamie Howe
11037589,Josh Daicos
11724839,Jeremy Daicos
18885738,Darcy Moore
10187422,Brayden Pendelbury
17947317,Brayden Howe
24659580,Nick Daicos
14880851,Darcy Pendelbury
16378664,Scott Daicos
23645285,Josh Smith
17909058,Jeremy Maynard
19263200,Sam Elliot
29157001,Jeremy Moore
11030780,Brayden Pendelbury
14463992,Scott Smith
19458064,Josh Cunningham
19135970,Jamie Smith
13341042,Darcy Moore
18534680,Brayden Howe
23765877,Brayden Cunningham
26246904,Jeremy Pendelbury
11701820,Brayden Smith
20272967,Jamie Cunningham
26993861,Sam Pendelbury
27653695,Brayden Howe
14398710,Sam Cunningham
27225198,Sam Howe
24456014,Scott Daicos
18021715,Scott Elliot
21614230,Darcy Elliot
16209356,Sam Smith
27110842,Scott Moore
28081220,Scott Cunningham
21982092,Scott Smith
18168364,Nick Maynard
29717193,Jeremy Pendelbury
26061030,Jamie Maynard
14991640,Brayden Maynard
28205860,Sam Moore
23036764,Nick Maynard
14362791,Nick Daicos
11664263,Darcy Daicos
11479169,Brayden Daicos
11943768,Josh Smith
20283285,Brayden Howe
20779724,Jamie Cunningham
25713785,Darcy Cunningham
15882723,Scott Pendelbury
13714572,Jamie Howe
24743190,Brayden Smith
10371646,Jeremy Cunningham
19741979,Scott Moore
15172547,Nick Moore
17875879,Josh Cunningham
28693814,Darcy Cunningham
26394381,Sam Moore
26046462,Jeremy Smith
22447522,Darcy Cunningham
23673447,Sam Cunningham
10334850,Josh Maynard
21913442,Josh Moore
20974031,Brayden Elliot
27773329,Scott Daicos
16714238,Darcy Smith
28856396,Scott Elliot
23304229,Nick Maynard
18203007,Darcy Maynard
23043036,Scott Moore
18625970,Sam Pendelbury
16164907,Darcy Daicos
18968581,Darcy Howe
28635719,Sam Cunningham
27665666,Darcy Smith
22601644,Jamie Cunningham
15890593,Josh Howe
18048012,Jamie Smith
29250067,Josh Pendelbury
10195156,Jamie Pendelbury
21925814,Jamie Moore
17405810,Jeremy Maynard
21817288,Jamie Maynard
19301924,Sam Howe
22095165,Brayden Moore
17091605,Josh Howe
29816943,Brayden Maynard
20883356,Darcy Howe
26974915,Scott Cunningham
28351797,Brayden Elliot
24383006,Josh Pendelbury
28987869,Darcy Smith
22099272,Sam Maynard
15638121,Darcy Pendelbury
21766075,Jamie Howe
19434934,Nick Smith
17465057,Brayden Moore
13531580,Sam Elliot
17657527,Darcy Smith
12247102,Scott Maynard
18220511,Jeremy Pendelbury
14244892,Scott Maynard
21654769,Brayden Maynard
28538524,Sam Moore
28692728,Jeremy Maynard
24045477,Darcy Smith
10711697,Nick Cunningham
19980704,Josh Howe
24841219,Jeremy Pendelbury
18920825,Darcy Daicos
26457014,Jamie Smith
15896590,Jamie Moore
17119192,Josh Moore
18281647,Sam Cunningham
13563602,Brayden Moore
14642716,Darcy Elliot
23080485,Jeremy Moore
15569902,Jamie Daicos
16544665,Jamie Cunningham
14161085,Brayden Cunningham
22189626,Scott Moore
29973106,Jeremy Howe
21324392,Jeremy Maynard
17012754,Darcy Maynard
16993831,Darcy Cunningham
22563186,Nick Smith
25907307,Josh Moore
24314270,Jeremy Howe
19809206,Jamie Smith
23323147,Josh Howe
27744896,Sam Elliot
12638678,Brayden Howe
28721036,Scott Cunningham
17568141,Sam Elliot
14673156,Darcy Daicos
19841429,Jeremy Elliot
10213427,Scott Elliot
15362658,Brayden Howe
18011360,Sam Cunningham
23962370,Josh Howe
16015524,Josh Howe
17049577,Nick Howe
21202738,Scott Moore
24748199,Scott Moore
22522312,Josh Moore
18697657,Josh Smith
27823815,Brayden Howe
25562472,Jeremy Moore
12535638,Brayden Smith
26828166,Darcy Maynard
23206150,Brayden Moore
24386436,Nick Moore
25844029,Jamie Moore
13153245,Jamie Elliot
16959647,Jeremy Pendelbury
28926554,Brayden Daicos
11754563,Jeremy Cunningham
24561891,Brayden Elliot
17450571,Nick Pendelbury
16063816,Darcy Elliot
26497688,Darcy Moore
18271190,Nick Moore
25748071,Brayden Elliot
24065730,Darcy Moore
28887083,Brayden Maynard
10496826,Jamie Moore
28542681,Darcy Moore
17029136,Jamie Maynard
24698759,Josh Smith
21755902,Darcy Elliot
21435495,Sam Maynard
24825322,Brayden Pendelbury
23183427,Scott Maynard
24492018,Brayden Maynard
14741297,Brayden Moore
20293353,Jeremy Pendelbury
16608526,Brayden Pendelbury
15266606,Sam Smith
16249589,Nick Smith
27358611,Brayden Elliot
13122860,Jamie Pendelbury
23744298,Darcy Moore
25235069,Nick Pendelbury
12420551,Nick Pendelbury
20273976,Sam Pendelbury
17699803,Josh Pendelbury
22723118,Scott Daicos
14692852,Jamie Howe
17118536,Brayden Elliot
26506656,Jamie Daicos
15344876,Brayden Smith
11051614,Nick Howe
26585040,Scott Elliot
21945648,Darcy Moore
14952124,Jamie Smith
11681905,Scott Elliot
12504355,Nick Daicos
15090996,Jeremy Cunningham
15892454,Sam Howe
10456009,Scott Pendelbury
22523226,Jamie Cunningham
14349723,Jeremy Daicos
17759858,Nick Moore
15536977,Nick Howe
29245470,Nick Pendelbury
26742136,Josh Smith
11078546,Sam Cunningham
13078499,Jamie Smith
12838471,Jamie Moore
28244183,Scott Howe
19181818,Sam Moore
11355435,Sam Daicos
23777805,Jamie Maynard
23582825,Sam Moore
12238150,Darcy Maynard
24401219,Jamie Howe
26969420,Darcy Howe
21935306,Scott Pendelbury
27413036,Brayden Daicos
10710204,Josh Maynard
27792935,Nick Smith
11300592,Jamie Elliot
12336701,Sam Pendelbury
12927029,Nick Elliot
18434608,Josh Pendelbury
22092376,Jeremy Howe
26132180,Jeremy Elliot
12270715,Nick Pendelbury
11360317,Darcy Pendelbury
14008882,Scott Howe
22818682,Jamie Cunningham
16307990,Brayden Moore
21235375,Nick Smith
10580815,Jamie Pendelbury
20644890,Jamie Howe
20566324,Nick Daicos
24429528,Sam Moore
22536267,Josh Daicos
13106326,Nick Cunningham
22324448,Josh Smith
12373061,Jeremy Daicos
11758567,Sam Daicos
27348775,Jeremy Smith
18025607,Darcy Maynard
24064637,Sam Moore
26146354,Jeremy Smith
17123291,Jamie Elliot
24677881,Darcy Elliot
27158601,Sam Maynard
20404073,Brayden Moore
17000168,Sam Moore
27102481,Sam Daicos
22031866,Darcy Cunningham
27442530,Jamie Moore
16713583,Josh Elliot
19189384,Jamie Cunningham
18834098,Brayden Howe
26010331,Scott Cunningham
21249069,Scott Elliot
16257350,Nick Howe
10258980,Scott Howe
27277833,Josh Maynard
18370673,Brayden Cunningham
22467923,Jeremy Daicos
22058639,Brayden Smith
28710631,Josh Maynard
16884659,Sam Cunningham
16272664,Brayden Cunningham
21927196,Darcy Moore
24710680,Sam Howe
13705544,Sam Smith
13970277,Darcy Smith
28285148,Darcy Howe
24117370,Josh Moore
13285046,Jamie Smith
28156883,Jamie Moore
16743645,Nick Pendelbury
22996003,Darcy Daicos
13278050,Scott Elliot
28600120,Nick Howe
10834084,Sam Moore
14762278,Jamie Elliot
20683327,Nick Elliot
22180381,Sam Moore
27290963,Brayden Moore
18738150,Jamie Cunningham
12922053,Sam Elliot
28744570,Nick Maynard
21660855,Nick Pendelbury
23187994,Darcy Cunningham
27553380,Sam Smith
16597833,Jeremy Pendelbury
11606227,Jamie Elliot
28395638,Nick Maynard
17586424,Sam Howe
10699521,Jeremy Pendelbury
28996002,Jamie Howe
19973664,Jamie Moore
22876099,Scott Pendelbury
25113823,Darcy Pendelbury
16124850,Brayden Howe
15447255,Jamie Howe
24269389,Josh Moore
17454078,Brayden Pendelbury
14552853,Darcy Elliot
12459021,Josh Moore
26837785,Nick Moore
15291735,Scott Daicos
19596872,Sam Daicos
19276267,Scott Howe
18251605,Nick Howe
13407714,Jamie Cunningham
15389526,Brayden Howe
10170107,Darcy Smith
14318615,Darcy Moore
28725891,Jeremy Elliot
22137112,Darcy Moore
10684385,Jeremy Daicos
26598830,Darcy Smith
25662212,Josh Maynard
22367036,Sam Pendelbury
25847107,Scott Howe
26293610,Brayden Elliot
27708068,Sam Daicos
24911392,Jamie Pendelbury
21342389,Josh Moore
26077881,Jeremy Smith
21511668,Jeremy Maynard
22176250,Sam Howe
16047515,Darcy Pendelbury
13528186,Nick Howe
10840432,Darcy Smith
23167298,Nick Daicos
28507242,Nick Elliot
23533632,Brayden Smith
20413206,Scott Maynard
10289406,Nick Maynard
18819364,Jamie Moore
12903550,Josh Maynard
26137497,Jamie Daicos
14134283,Josh Pendelbury
21241526,Brayden Daicos
26837317,Jeremy Cunningham
28839724,Darcy Howe
14585543,Nick Howe
27570168,Josh Howe
27116529,Josh Howe
27545639,Jeremy Howe
23832719,Darcy Daicos
10744267,Scott Smith
17641880,Sam Cunningham
28046163,Jamie Daicos
21285428,Brayden Howe
12458193,Jeremy Smith
19414843,Brayden Moore
24413685,Brayden Elliot
28471325,Nick Daicos
28736718,Nick Cunningham
25408225,Brayden Maynard
21657286,Jeremy Daicos
14162013,Josh Howe
19793446,Jeremy Howe
23120812,Jamie Pendelbury
11470696,Josh Howe
28859757,Darcy Moore
27753090,Jamie Moore
26837379,Brayden Pendelbury
19285731,Josh Moore
13533646,Josh Moore
23552893,Josh Cunningham
27229492,Josh Daicos
16646194,Scott Maynard
20992751,Jamie Pendelbury
13919371,Jeremy Smith
28044858,Brayden Cunningham
16014780,Jeremy Cunningham
28086410,Nick Howe
17630279,Darcy Pendelbury
14676460,Josh Moore
16136348,Brayden Moore
29939907,Darcy Pendelbury
19795440,Nick Maynard
25031632,Sam Pendelbury
18679978,Scott Daicos
17647618,Brayden Smith
10005946,Brayden Pendelbury
11325737,Josh Elliot
10023412,Brayden Smith
20151542,Sam Elliot
23718527,Jamie Cunningham
28702387,Nick Pendelbury
24244081,Sam Howe
26486966,Darcy Moore
27799185,Scott Moore
13314806,Sam Smith
19691559,Darcy Cunningham
10844362,Brayden Cunningham
11534105,Jamie Elliot
24550016,Nick Moore
19969156,Nick Howe
21061256,Sam Cunningham
14751612,Scott Daicos
16283122,Nick Moore
26432546,Jamie Elliot
23117726,Jamie Daicos
22452088,Scott Pendelbury
27163599,Jeremy Pendelbury
17636714,Brayden Smith
12431776,Nick Maynard
24098109,Brayden Cunningham
23178795,Jeremy Elliot
27357583,Jamie Daicos
18106919,Brayden Cunningham
27617047,Jeremy Elliot
20841546,Nick Smith
26784970,Jamie Pendelbury
16057679,Jamie Maynard
22131584,Nick Maynard
26087453,Darcy Moore
13247983,Jeremy Daicos
11962129,Jeremy Maynard
13930229,Josh Maynard
22128792,Brayden Elliot
27800279,Jeremy Elliot
29939199,Brayden Moore
13404865,Scott Smith
26598978,Darcy Daicos
28924481,Jeremy Smith
13273677,Jeremy Pendelbury
20828346,Jamie Cunningham
27129563,Scott Maynard
11233978,Jamie Maynard
26730069,Jamie Howe
10676624,Jeremy Cunningham
15945702,Jeremy Moore
25441824,Jamie Moore
29585148,Darcy Maynard
12790759,Nick Elliot
25566698,Darcy Daicos
16691118,Scott Elliot
17597108,Scott Cunningham
14263636,Josh Howe
28747174,Jamie Howe
11683204,Jeremy Cunningham
14182493,Brayden Daicos
16349553,Jamie Daicos
17714047,Josh Howe
10657491,Nick Moore
20446509,Josh Maynard
11798264,Nick Moore
29417243,Jeremy Cunningham
22913627,Brayden Howe
27831819,Jamie Moore
25972140,Brayden Moore
11599457,Sam Pendelbury
19641446,Scott Smith
21981498,Sam Smith
19650031,Nick Elliot
25765130,Jamie Howe
21916768,Darcy Maynard
20100807,Nick Daicos
29000733,Nick Maynard
16762677,Jamie Moore
23318205,Darcy Maynard
23280638,Jamie Moore
21657434,Darcy Moore
14258449,Brayden Daicos
12968216,Brayden Maynard
25691584,Nick Daicos
22818061,Josh Moore
27714342,Brayden Cunningham
12360086,Brayden Pendelbury
22710053,Sam Howe
21758176,Josh Smith
27647527,Scott Howe
13385773,Sam Smith
27138795,Brayden Smith
29848447,Jamie Elliot
14072501,Scott Smith
21944484,Josh Smith
17000524,Scott Smith
28997923,Jeremy Elliot
22577348,Jeremy Maynard
23841467,Jeremy Elliot
22077745,Scott Maynard
27670783,Jeremy Elliot
19600333,Jeremy Howe
11195726,Jamie Daicos
21527004,Jamie Howe
28026060,Sam Daicos
17313565,Jamie Elliot
22022612,Jeremy Daicos
27786525,Sam Maynard
13636060,Jeremy Maynard
18879882,Nick Howe
16164185,Brayden Howe
29111834,Brayden Pendelbury
12278299,Scott Smith
17996208,Darcy Daicos
17665615,Scott Elliot
16502170,Jeremy Elliot
12900790,Jeremy Howe
11639344,Brayden Smith
16857515,Scott Maynard
